r,physical_F,oscillatory_F
0.02774694783573807,-0.012351890383428831,9.96308699962266e-05
0.05549389567147614,-0.02470252404495549,-0.00039425285709356517
0.08324084350721421,-0.037049387577461,0.0008922828306777897
0.11098779134295228,-0.049390806259029925,-0.0015793066893156139
0.13873473917869034,-0.06172468703019103,0.0024749713315561075
0.16648168701442842,-0.07404927355512918,-0.0035533172756557698
0.1942286348501665,-0.08636255913370995,0.004845201466315205
0.22197558268590456,-0.09866275486452941,-0.006313154617247202
0.24972253052164262,-0.11094789369037124,0.007999203428333417
0.27746947835738067,-0.12321617126524895,-0.00985441942990107
0.3052164261931188,-0.13546564537392797,0.011931943153586562
0.33296337402885684,-0.14769450463709868,-0.014171452903480528
0.3607103218645949,-0.1599008255822532,0.01663713200393824
0.388457269700333,-0.17208279485579142,-0.019257346812722776
0.41620421753607106,-0.18423850497299588,0.02210723749706893
0.4439511653718091,-0.19636614409818617,-0.025103954984329716
0.4716981132075472,-0.2084638195376055,0.028333495579481536
0.49944506104328523,-0.22052972363362186,-0.03170190640995847
0.5271920088790233,-0.23256197810879334,0.03530592461194526
0.5549389567147613,-0.24455878165922063,-0.03904062011166708
0.5826859045504995,-0.2565182705223175,0.043013341133762976
0.6104328523862376,-0.26843865162087494,-0.04710832180209126
0.6381798002219756,-0.28031807609569964,0.05144337743153945
0.6659267480577137,-0.2921547607688584,-0.055892062354051544
0.6936736958934517,-0.3039468722591797,0.060582500919087054
0.7214206437291898,-0.31569263882128756,-0.06537773808047709
0.7491675915649278,-0.32739024325006294,0.07041603532487842
0.776914539400666,-0.33903792666478516,-0.0755501128176389
0.8046614872364041,-0.35063388881800805,0.0809281836772367
0.8324084350721421,-0.3621763850492351,-0.08639284179961584
0.8601553829078802,-0.37366363290749166,0.0921020530732293
0.8879023307436182,-0.38509390324792436,-0.09788849730830959
0.9156492785793563,-0.39646543229378944,0.10391968121409895
0.9433962264150944,-0.4077765076622477,-0.1100185960805286
0.9711431742508324,-0.4190253851544836,0.11636206468754014
0.9988901220865705,-0.4302103703546098,-0.12276362845135554
1.0266370699223086,-0.44132973956174065,0.12940918897498788
1.0543840177580466,-0.4523818174956828,-0.13610308921099826
1.0821309655937847,-0.46336490188243407,0.14304006016018775
1.1098779134295227,-0.47427733771360353,-0.15001551015051084
1.1376248612652609,-0.48511744507417076,0.15723273831356743
1.165371809100999,-0.49588359033338847,-0.16447849427008748
1.193118756936737,-0.506574116865726,0.17196437252529345
1.2208657047724751,-0.5171874134951214,-0.17946875162202222
1.248612652608213,-0.527721847810456,0.18721123755831975
1.2763596004439512,-0.5381758321393891,-0.19496213675887508
1.3041065482796892,-0.5485477592010795,0.2029487720911893
1.3318534961154274,-0.5588360658481818,-0.210933687755848
1.3596004439511655,-0.5690391708338226,0.21915161851881268
1.3873473917869035,-0.5791555365289821,-0.2273576667748186
1.4150943396226416,-0.5891836086093842,0.23579366427788057
1.4428412874583796,-0.5991218759291678,-0.24420760213590254
1.4705882352941178,-0.6089688119574865,0.2528480846619568
1.4983351831298557,-0.6187229329671011,-0.26145633186075873
1.5260821309655939,-0.628382741070976,0.2702873870895959
1.553829078801332,-0.6379467808654301,-0.2790760486500996
1.58157602663707,-0.6474135839345272,0.28808345678701697
1.6093229744728081,-0.656781724071146,-0.2970383462559807
1.637069922308546,-0.6660497631319924,0.30620760384489776
1.6648168701442843,-0.6752163049459059,-0.31531426720738787
1.6925638179800222,-0.6842799424153341,0.3246306116066888
1.7203107658157604,-0.6932393102089844,-0.33387435184536307
1.7480577136514983,-0.7020930330169124,0.3433227863434413
1.7758046614872365,-0.7108397771139954,-0.35268868862135644
1.8035516093229746,-0.7194781996856522,0.3622540081674489
1.8312985571587126,-0.728006999339289,-0.37172696560963364
1.8590455049944508,-0.7364248664263375,0.38139378313394556
1.8867924528301887,-0.7447305325706122,-0.3909585231813264
1.9145394006659269,-0.752922721919986,0.40071129647666237
1.9422863485016648,-0.7610001997533412,-0.41035240778401744
1.970033296337403,-0.7689617246019683,0.42017546691908775
1.997780244173141,-0.7768060959903414,-0.42987742676655233
2.0255271920088793,-0.7845321073733346,0.4397550019988064
2.0532741398446173,-0.7921385930603271,-0.44950220418399106
2.081021087680355,-0.7996243819196895,0.45941845433718304
2.108768035516093,-0.8069883435305977,-0.46919523751214687
2.1365149833518315,-0.8142293426110584,0.47913427878082787
2.1642619311875695,-0.8213462844372237,-0.48892495519497936
2.1920088790233074,-0.8283380699555473,0.4988708903347125
2.2197558268590454,-0.8352036405053036,-0.5086597749410863
2.2475027746947838,-0.8419419335793604,0.5185967227993145
2.2752497225305217,-0.8485519268819263,-0.528368162677608
2.3029966703662597,-0.855032594705995,0.5382802880157977
2.330743618201998,-0.8613829513550436,-0.5480186920609886
2.358490566037736,-0.867602008108436,0.557890235613815
2.386237513873474,-0.8736888160328621,-0.5675801044340777
2.413984461709212,-0.8796424235099782,0.5773954131460463
2.4417314095449503,-0.8854619184607427,-0.5870213691080504
2.469478357380688,-0.8911463864123341,0.5967649264820148
2.497225305216426,-0.8966949521562226,-0.606311743835477
2.5249722530521646,-0.902106738334003,0.6159682003210138
2.5527192008879025,-0.9073809065479909,-0.6254208353276152
2.5804661487236404,-0.9125166164480494,0.6349750386701775
2.6082130965593784,-0.9175130663117489,-0.6443186596546545
2.6359600443951168,-0.9223694526166023,0.653755685118885
2.6637069922308547,-0.9270850101053267,-0.66297570235234
2.6914539400665927,-0.9316589718301802,0.6722808827249146
2.719200887902331,-0.9360906087176322,-0.6813629780422014
2.746947835738069,-0.9403791900737224,0.6905219333112756
2.774694783573807,-0.9445240226615096,-0.6994520893558831
2.802441731409545,-0.9485244116585801,0.7084507559556862
2.8301886792452833,-0.9523796992599765,-0.7172152849369998
2.8579356270810212,-0.9560892260812448,0.7260399444376507
2.885682574916759,-0.9596523692991438,-0.7346255162770868
2.9134295227524976,-0.9630685044959372,0.7432628233914953
2.9411764705882355,-0.9663370433501027,-0.7516564931260455
2.9689234184239734,-0.969457395919962,0.7600935028982347
2.9966703662597114,-0.9724290078968413,-0.768282737202844
3.02441731409545,-0.9752513233286462,0.7765069312355195
3.0521642619311877,-0.9779238214484477,-0.7844796339199278
3.0799112097669257,-0.9804459798412865,0.7924789454942172
3.107658157602664,-0.9828173108620186,-0.8002234818259343
3.135405105438402,-0.9850373252514308,0.8079863197635274
3.16315205327414,-0.9871055681583752,-0.8154915394672002
3.190899001109878,-0.9890215832142667,0.8230068105853157
3.2186459489456163,-0.9907849481760145,-0.8302620693706355
3.2463928967813542,-0.9923952394711293,0.8375191993841438
3.274139844617092,-0.9938520674797481,-0.8445143788604214
3.30188679245283,-0.9951550415658481,0.8515033315939672
3.3296337402885685,-0.9963038050187076,-0.8582288574405226
3.3573806881243065,-0.9972980005891151,0.8649401522274721
3.3851276359600444,-0.998137305112813,-0.8713870105059791
3.412874583795783,-0.9988213955739995,0.8778117376714522
3.4406215316315207,-0.9993499834356295,-0.8839714891901967
3.4683684794672587,-0.999722781255839,0.8901013235431713
3.4961154273029966,-0.9999395367522367,-0.8959661162146896
3.523862375138735,-1.0,0.9017933285099345
3.551609322974473,-0.9999039572593613,-0.9073559076833339
3.579356270810211,-0.9996511987868361,0.9128733740581723
3.6071032186459493,-0.999241552456737,-0.9181270908558345
3.6348501664816872,-0.9986748522190609,0.9233283002997088
3.662597114317425,-0.997950971546811,-0.9282671180450444
3.690344062153163,-0.9970697925752056,0.9331461780209337
3.7180910099889015,-0.9960312394065188,-0.9377646769085463
3.7458379578246395,-0.994835247965145,0.9423163173135968
3.7735849056603774,-0.9934817991902333,-0.9466096975442101
3.801331853496116,-0.9919708896393744,0.9508292732703724
3.8290788013318537,-0.9903025645960967,-0.9547933569476962
3.8568257491675917,-0.9884768894511267,0.9586768493787867
3.8845726970033296,-0.9864939827464481,-0.9623080815406524
3.912319644839068,-0.9843539883568315,0.9658520993959984
3.940066592674806,-0.9820571084841979,-0.9691475486228288
3.967813540510544,-0.9796035766530554,0.9723493286241202
3.995560488346282,-0.9769936906580587,-0.9753066877283064
4.02330743618202,-0.9742277863748025,0.9781640956191059
4.051054384017759,-0.9713062706494711,-0.9807816829621128
4.078801331853496,-0.9682295959109847,0.9832932154411423
4.1065482796892345,-0.9649982929744145,-0.9855699774434465
4.134295227524972,-0.9616129464217832,0.9877347655753625
4.16204217536071,-0.9580742272706255,-0.9896702809695489
4.189789123196449,-0.9543828690690817,0.9914880956023776
4.217536071032186,-0.9505397003580588,-0.9930825819241103
4.245283018867925,-0.9465456214022436,0.994553841563594
4.273029966703663,-0.9424016363495218,-0.9958081642723497
4.300776914539401,-0.9381088304941151,0.9969339457346644
4.328523862375139,-0.9336684020114255,-0.9978496302016958
4.356270810210877,-0.9290816396240164,0.9986316821847672
4.384017758046615,-0.924349953765338,-0.9992109285791626
4.411764705882353,-0.919474854495441,0.9996516880603868
4.439511653718091,-0.9144579819250094,-0.9998973889089383
4.467258601553829,-0.9093010842074319,1.0
4.4950055493895675,-0.904006047037294,-0.9999157599020088
4.522752497225305,-0.8985748715309656,0.9996840944816853
4.550499445061043,-0.8930097026033118,-0.999274251140882
4.578246392896782,-0.8873128065423614,0.9987129302620918
4.605993340732519,-0.8814865980666082,-0.9979825756750583
4.633740288568258,-0.8755336174025011,0.997096990426294
4.661487236403996,-0.8694565558339327,-0.9960519907656089
4.689234184239734,-0.863258232105721,0.9948483209863765
4.716981132075472,-0.8569416162978114,-0.9934953334654851
4.74472807991121,-0.8505098054041867,0.991980562499526
4.772475027746948,-0.8439660453972635,-0.9903270473338162
4.800221975582686,-0.8373137058695665,0.9885089708805245
4.827968923418424,-0.8305563001979105,-0.9865631963913891
4.855715871254162,-0.823697459183458,0.9844504235084023
4.8834628190899005,-0.8167409492787691,-0.9822214624739839
4.911209766925638,-0.8096906452181193,0.9798234069082327
4.938956714761376,-0.802550546330534,-0.9773211224569257
4.966703662597115,-0.7953247482132233,0.9746479827424631
4.994450610432852,-0.788017457216605,-0.9718830024121601
5.022197558268591,-0.7806329612754482,0.968945729563807
5.049944506104329,-0.7731756427134681,-0.9659294065976389
5.077691453940067,-0.7656499484049701,0.9627396587297559
5.105438401775805,-0.7580604011025637,-0.9594840202217909
5.133185349611543,-0.7504115691526071,0.9560541039998726
5.160932297447281,-0.7427080765959684,-0.9525717861055182
5.188679245283019,-0.7349545726997203,0.9489145855543526
5.216426193118757,-0.7271557411144636,-0.9452187565968762
5.244173140954495,-0.7193162695098061,0.9413476503977559
5.2719200887902335,-0.7114408580903765,-0.9374519232887958
5.299667036625971,-0.7035341896321142,0.933380692254539
5.327413984461709,-0.6956009376618472,-0.9292990281595311
5.355160932297448,-0.6876457371851099,0.9250417550395414
5.382907880133185,-0.6796731928214735,-0.9207883606223621
5.410654827968924,-0.6716878504935493,0.9163593247293326
5.438401775804662,-0.66369420578379,-0.9119485455783887
5.4661487236404,-0.6556966768207061,0.9073621149235508
5.493895671476138,-0.6476996130851935,-0.9028083278809499
5.5216426193118755,-0.6397072696867869,0.8980788515497226
5.549389567147614,-0.631723816801984,-0.8933963586358113
5.577136514983352,-0.6237533154840169,0.8885380620362707
5.60488346281909,-0.6157997278656635,-0.8837409884959948
5.632630410654828,-0.607866894594094,0.8787678738861231
5.660377358490567,-0.599958545879747,-0.8738700726029293
5.688124306326304,-0.592078280596622,0.8687958269746239
5.7158712541620424,-0.5842295782100517,-0.863810791130457
5.743618201997781,-0.576415779535184,0.8586487031292228
5.771365149833518,-0.5686400995324049,-0.8535894885671453
5.799112097669257,-0.5609056096748832,0.8483523756881766
5.826859045504995,-0.5532152515628065,-0.8432315339886847
5.854605993340733,-0.545571820816164,0.8379316808431364
5.882352941176471,-0.5379779814289475,-0.8327612036850504
5.9100998890122085,-0.5304362510765841,0.8274103117011954
5.937846836847947,-0.5229490161091859,-0.8222015866669701
5.965593784683685,-0.5155185181442883,0.8168107352006677
5.993340732519423,-0.5081468695839604,-0.8115745128220647
6.021087680355161,-0.5008360413523293,0.8061541313145483
6.0488346281909,-0.49358787881421606,-0.8009005028495482
6.076581576026637,-0.4864040905125232,0.7954603533966148
6.1043285238623755,-0.4792862643651198,-0.7901987385881779
6.132075471698114,-0.47223585725847794,0.7847479080766674
6.159822419533851,-0.46525421140364837,-0.7794870519690261
6.18756936736959,-0.4583425446484125,0.7740339527925206
6.215316315205328,-0.4515019668812156,-0.7687819305677931
6.243063263041066,-0.44473347093334936,0.7633343088487875
6.270810210876804,-0.4380379489305035,-0.7580985375895661
6.2985571587125415,-0.4314161836680402,0.7526634878025624
6.32630410654828,-0.4248688648223453,-0.7474507440764998
6.354051054384018,-0.4183965806951344,0.7420347289769341
6.381798002219756,-0.41199983421014097,-0.7368511711683549
6.409544950055494,-0.40567903493577734,0.7314600459768648
6.437291897891233,-0.39943451480618825,-0.7263112403489863
6.46503884572697,-0.3932665203448348,0.7209502802104168
6.4927857935627085,-0.38717522806197885,-0.7158412297613915
6.520532741398447,-0.3811607368143917,0.7105151595850557
6.548279689234184,-0.3752230828435419,-0.7054503348541117
6.576026637069923,-0.3693622322182963,0.7001633607390966
6.60377358490566,-0.36357809548916975,-0.6951467318192103
6.631520532741399,-0.35787052017139526,0.6899025733701257
6.659267480577137,-0.35223930500042455,-0.6849376424855206
6.6870144284128745,-0.346684192421972,0.6797395654253024
6.714761376248613,-0.34120488244246683,-0.6748293995317178
6.742508324084351,-0.33580102510060544,0.6696802481154949
6.770255271920089,-0.33047223391365826,-0.6648275110755263
6.798002219755827,-0.3252180783117342,0.6597297399006125
6.825749167591566,-0.3200380966868051,-0.6549367238735332
6.853496115427303,-0.31493178877636585,0.6498924287636821
6.8812430632630415,-0.3098986283268541,-0.6451610845277962
6.90899001109878,-0.3049380554177886,0.6401720322441408
6.936736958934517,-0.30004948875504295,-0.635503998239276
6.964483906770256,-0.2952323179299826,0.6305716548354888
6.992230854605993,-0.29048591536092916,-0.6259682847736722
7.019977802441732,-0.28580962848441654,0.6210938424689701
7.04772475027747,-0.28120279136528004,-0.6165562314128988
7.0754716981132075,-0.2766647168190358,0.6117406339039864
7.103218645948946,-0.2721947077124688,-0.6072696427561614
7.130965593784684,-0.26779204901742265,0.6025136089286621
7.158712541620422,-0.2634560188246641,-0.5981098873096653
7.18645948945616,-0.25918588033015383,0.5934139333418188
7.214206437291899,-0.25498089258542317,-0.5890779408649799
7.241953385127636,-0.250840302417786,0.5844424007421298
7.2697003329633745,-0.24676335494057283,-0.5801744267145398
7.297447280799112,-0.24274928540881405,0.5755994711930433
7.32519422863485,-0.2387973295125172,-0.5713996527903714
7.352941176470589,-0.23490671516917297,0.5668853068647957
7.380688124306326,-0.2310766726229017,-0.5627536458403327
7.408435072142065,-0.22730642617477143,0.5582998047789378
7.436182019977803,-0.22359520411013042,-0.5542361827765431
7.4639289678135405,-0.2199422303672287,0.5498426267976794
7.491675915649279,-0.21634673431444493,-0.5458468193443722
7.519422863485017,-0.2128079423571144,0.5415132270112634
7.547169811320755,-0.2093250875856858,-0.5375849162687535
7.574916759156493,-0.20589740132000472,0.5333108766826137
7.602663706992232,-0.202524122648738,-0.5294496630385148
7.630410654827969,-0.19920448990967046,0.5252346869106262
7.6581576026637075,-0.1959377501400282,-0.521440099489941
7.685904550499445,-0.19272315049064231,0.5172836291725114
7.713651498335183,-0.18955994760610426,-0.513555135348558
7.741398446170922,-0.1864473989699472,0.5094565539022958
7.769145394006659,-0.18338477223289634,-0.5057935678838524
7.796892341842398,-0.18037133648552284,0.5017522072574697
7.824639289678136,-0.1774063715522177,-0.49815409782585884
7.8523862375138735,-0.1744891591871001,0.4941692462194051
7.880133185349612,-0.17161899235074765,-0.49063534368566747
7.90788013318535,-0.16879516632449115,0.486706252165902
7.935627081021088,-0.16601698798638997,-0.48323585461435853
7.963374028856826,-0.16328376683842016,0.47936174304640616
7.991120976692564,-0.1605948242976889,-0.47595412192684616
8.018867924528303,-0.157949484630428,0.47213418428232296
8.04661487236404,-0.1553470842739968,-0.468788589408979
8.074361820199778,-0.1527869626710271,0.4650219985066941
8.102108768035517,-0.1502684716373729,-0.4617376625180458
8.129855715871255,-0.1477909660892135,0.45802357424932477
8.157602663706992,-0.14535381347176524,-0.45479971657880225
8.18534961154273,-0.14295638437164085,0.4511372736655701
8.213096559378469,-0.14059806202084815,-0.4479731040693385
8.240843507214207,-0.1382782327862137,0.4443614393993032
8.268590455049944,-0.13599629576294928,-0.44125616108360827
8.296337402885683,-0.13375165313248644,0.437694400663281
8.32408435072142,-0.13154371985969526,-0.4346472130503231
8.351831298557158,-0.12937191391002953,0.4311344786131977
8.379578246392898,-0.12723566606433023,-0.4281445797811824
8.407325194228635,-0.1251344099857553,0.4246799910851904
8.435072142064373,-0.12306759216598778,-0.42174657991509207
8.462819089900112,-0.1210346618320148,0.41832925676044924
8.49056603773585,-0.11903508103749023,-0.4154515348191298
8.518312985571587,-0.11706831439902418,0.41208059881489195
8.546059933407326,-0.11513383934642106,-0.4092577720015401
8.573806881243064,-0.11323113567775156,0.40593234810661594
8.601553829078801,-0.11135969598219025,-0.4031636280869597
8.62930077691454,-0.10951901500276058,0.39988284594892465
8.657047724750278,-0.10770860024553366,-0.3971674513994104
8.684794672586015,-0.10592796113855986,0.3939304465122803
8.712541620421755,-0.10417661984126536,-0.39126760419428336
8.740288568257492,-0.10245410018770759,0.38807351889438696
8.76803551609323,-0.10075993871010747,-0.3854624645766052
8.795782463928969,-0.09909367335419604,0.38231044889384974
8.823529411764707,-0.09745485473095401,-0.37975042813925897
8.851276359600444,-0.09584303459144258,0.37663964051939813
8.879023307436182,-0.09425777732098092,-0.374129909351551
8.90677025527192,-0.09269864816048018,0.3710595172635281
8.934517203107658,-0.09116522495748242,-0.3685993427255008
8.962264150943396,-0.0896570861206323,0.36556852316654287
8.990011098779135,-0.08817382264221749,-0.36315718378451933
9.017758046614873,-0.0867150257720276,0.36016512369438514
9.04550499445061,-0.08528029932627855,-0.35780190985664095
9.07325194228635,-0.0838692470667147,0.35484780645127884
9.100998890122087,-0.08248148531106694,-0.35253202071225354
9.128745837957824,-0.08111663000285221,0.3496150817460772
9.156492785793564,-0.079774309638806,-0.34734603906421296
9.184239733629301,-0.07845415201442305,0.34446548302925767
9.211986681465039,-0.07715579748412213,-0.34224251094639996
9.239733629300778,-0.07587888536714603,0.3393975672157723
9.267480577136515,-0.0746230675565588,-0.33722000598511154
9.295227524972253,-0.07338799456968793,0.33440991490737226
9.322974472807992,-0.07217332952241694,-0.33227711757617784
9.35072142064373,-0.070978733807903,0.3295011305265984
9.378468368479467,-0.06980388145301952,-0.3274124629793347
9.406215316315206,-0.06864844440861637,0.32466984237334856
9.433962264150944,-0.06751210730537556,-0.3226246833401748
9.461709211986681,-0.06639455233840694,0.31991470261377325
9.48945615982242,-0.06529547444021437,-0.3179124436488864
9.517203107658158,-0.0642145657419205,0.3152343872102006
9.544950055493896,-0.063151531181502,-0.31327443264400995
9.572697003329635,-0.06210607252342493,0.31062759579986887
9.600443951165373,-0.061077904420788046,-0.3087093626685508
9.62819089900111,-0.06006673797461927,0.3060930515293861
9.655937846836848,-0.05907229726907295,-0.30421596948498375
9.683684794672587,-0.058094302451085295,0.3016295008510918
9.711431742508324,-0.05713248675830503,-0.2997930120549737
9.739178690344062,-0.05618657909923439,0.29723571328680454
9.766925638179801,-0.05525632159412429,-0.29543927228898753
9.794672586015539,-0.05434145163513882,0.2929104811638404
9.822419533851276,-0.05344171996102667,-0.2911535547703979
9.850166481687015,-0.05255687217623082,0.28865261932763175
9.877913429522753,-0.051686667380755114,-0.2869346864581573
9.90566037735849,-0.05083085912650438,0.28446096483479055
9.93340732519423,-0.04998921462439664,-0.2827815163716647
9.961154273029967,-0.04916149511555739,0.2803343766300173
9.988901220865705,-0.04834747567838719,-0.2786929152610245
10.016648168701444,-0.0475469249915494,0.2762717352098682
10.044395116537181,-0.046759625764387726,-0.27466777526552383
10.072142064372919,-0.04598535386793565,0.272271942276038
10.099889012208658,-0.04522389941279246,-0.27070500956283455
10.127635960044396,-0.0444750452236458,0.26833392038050424
10.155382907880133,-0.043738588589456326,-0.2668035520111313
10.183129855715872,-0.04301431905622002,0.2644566125645927
10.21087680355161,-0.04230204087508391,-0.2629623567860674
10.238623751387347,-0.041601550087280954,0.2606389819937809
10.266370699223087,-0.040912657696600414,-0.25918039801429954
10.294117647058824,-0.040235166019607124,0.256880011589823
10.321864594894562,-0.039568892609721844,-0.25545666940505407
10.3496115427303,-0.038913645844982976,0.25317870366158846
10.377358490566039,-0.038269249631858585,-0.2517901838810239
10.405105438401776,-0.03763551820192384,0.24953407953582346
10.432852386237514,-0.03701228162442132,-0.24817997320973323
10.460599334073253,-0.03639935978231358,0.24594517918888342
10.48834628190899,-0.035796588723538116,-0.24462508763634444
10.516093229744728,-0.0352037937859438,0.242411060880352
10.543840177580467,-0.03462081681815339,-0.24112459551874998
10.571587125416205,-0.03404748842190713,0.238930800789329
10.599334073251942,-0.033483656074446574,-0.23767758296568753
10.627081021087681,-0.03292915545576871,0.23550349265405712
10.654827968923419,-0.032383839505482834,-0.2342831534784889
10.682574916759156,-0.031847548801420475,0.2321282474154676
10.710321864594896,-0.03132014158499392,-0.23094042759699818
10.738068812430633,-0.030801463156510844,0.22880419286512602
10.76581576026637,-0.03029137690417807,-0.22764854255010383
10.79356270810211,-0.029789732680335447,0.22553047329798728
10.821309655937847,-0.029296398870403233,-0.22440665191125833
10.849056603773585,-0.028811229713074645,0.22230624917030203
10.876803551609324,-0.028334098446701397,-0.22121392525929165
10.904550499445062,-0.02786486353526628,0.21913069676294716
10.9322974472808,-0.027403402930943427,-0.2180695478447704
10.960044395116538,-0.02694957916640903,0.21600300785041282
10.987791342952276,-0.026503274773597787,-0.21497272026210582
11.015538290788013,-0.026064356201603665,0.21292238937561347
11.043285238623751,-0.025632710432984224,-0.2119226581275604
11.07103218645949,-0.025208207685150683,0.20988806313067138
11.098779134295228,-0.02479073926694973,-0.20891859176327773
11.126526082130965,-0.024380179020040305,0.20689926544375686
11.154273029966705,-0.023976422459910576,-0.2059597658874119
11.182019977802442,-0.023579346912287094,0.20395524687206693
11.20976692563818,-0.023188851984222072,-0.20304543931041386
11.237513873473919,-0.022804818349079447,0.20105527190096975
11.265260821309656,-0.022427149594856734,-0.20017488463749877
11.293007769145394,-0.022055729609736757,0.1981986186493386
11.320754716981133,-0.021690465856393008,-0.19734738797729964
11.34850166481687,-0.021331245308485326,0.1953845785810627
11.376248612652608,-0.020977979201337447,-0.19456224865669264
11.403995560488347,-0.020630557468087805,0.19261245622271506
11.431742508324085,-0.02028889501882562,-0.1918187789417583
11.459489456159822,-0.019952884623382388,0.189881568887333
11.487236403995562,-0.01962244477276956,-0.1891163037648346
11.5149833518313,-0.019297470953810965,0.18719124640426107
11.542730299667037,-0.018977885148542685,-0.18645416045760083
11.570477247502776,-0.01866358544403831,0.18454083085498776
11.598224195338513,-0.018354497227314463,-0.18383169849012146
11.625971143174251,-0.01805052107178709,0.1819296763149042
11.65371809100999,-0.017751585687173495,-0.1812482792157711
11.681465038845728,-0.017457594022037896,0.17935714860089677
11.709211986681465,-0.01716847803019717,-0.17870327562195454
11.736958934517203,-0.016884142926764448,0.17682262502468968
11.764705882352942,-0.016604523834651146,-0.1761960720865265
11.79245283018868,-0.016329528129397895,0.17432549415183465
11.820199778024417,-0.016059094031523807,-0.17372606413981548
11.847946725860156,-0.015793130973238412,0.1718651555662534
11.875693673695894,-0.015531580204623667,-0.17129265823214881
11.903440621531631,-0.015274353113050513,0.16944101964022565
11.93118756936737,-0.015021393913489493,-0.1688952715067707
11.958934517203108,-0.014772615849105487,0.1670525073097164
11.986681465038846,-0.014527966038384839,-0.1665333315780527
12.014428412874585,-0.014287359482951142,0.16469904985493436
12.042175360710322,-0.014050746146670227,-0.16420627631487728
12.06992230854606,-0.013818042694214593,0.1623800886860117
12.0976692563818,-0.013589201879867365,-0.16191355362909327
12.125416204217537,-0.013364141937760745,0.16009507513369256
12.153163152053274,-0.013142818360749237,-0.15965462126892613
12.180910099889013,-0.012925150860553286,0.15784347024492082
12.208657047724751,-0.012711097619812614,-0.1574289466172342
12.236403995560488,-0.012500579737581265,0.15562474458321496
12.264150943396228,-0.012293558040505878,-0.1552360064944998
12.291897891231965,-0.01208995492623621,0.15343837803371926
12.319644839067703,-0.011889733822606711,-0.15307528696644385
12.347391786903442,-0.011692818338543546,0.15128385961282212
12.37513873473918,-0.011499174463162603,-0.15094628315615546
12.402885682574917,-0.011308726930668915,0.14916068728223036
12.430632630410656,-0.01112144425442371,-0.14884849906062833
12.458379578246394,-0.010937252209140224,0.14706836776739465
12.486126526082131,-0.010756121798218441,-0.14678144737159537
12.513873473917869,-0.010577979753241533,0.14500641638017697
12.541620421753608,-0.010402799536235702,-0.14474464930055775
12.569367369589346,-0.010230508753054642,0.14297435684565754
12.597114317425083,-0.010061083295697854,-0.14273763440790344
12.624861265260822,-0.0098944515626377,0.14097172113297612
12.65260821309656,-0.009730591849923281,-0.14075994043601375
12.680355160932297,-0.009569433267849549,0.13899804929010798
12.708102108768037,-0.009410956493293009,-0.1388111131462572
12.735849056603774,-0.009255091268341276,0.13705288928247483
12.763596004439512,-0.009101820630152725,-0.13689070615977283
12.79134295227525,-0.008951074873253704,0.13513579683529275
12.819089900110988,-0.008802839377194182,-0.13499828080194617
12.846836847946726,-0.008657044910173323,0.13324633527956334
12.874583795782465,-0.008513679178878042,-0.13313340595048517
12.902330743618203,-0.008372673346913788,0.13138407540161262
12.93007769145394,-0.008234017435470161,-0.13129565788700118
12.95782463928968,-0.008097642925704154,0.12954859529608911
12.985571587125417,-0.007963542143280811,-0.12948462015200843
13.013318534961154,-0.007831646809378312,0.12773948022233006
13.041065482796894,-0.007701951546706756,-0.12769988340325197
13.068812430632631,-0.00757438823917291,0.12595632246401064
13.096559378468369,-0.007448953801690973,-0.12594104527727834
13.124306326304108,-0.007325580203754302,0.12419872119198995
13.152053274139845,-0.007204266650225799,-0.1242077102541661
13.179800221975583,-0.0070849451191075,0.12246628233027192
13.20754716981132,-0.006967617105538776,-0.12249948952533567
13.23529411764706,-0.006852214518930097,0.12075861842500074
13.263041065482797,-0.006738741147610645,-0.12081600086435577
13.290788013318535,-0.006627128755189317,0.1190753485164124
13.318534961154274,-0.006517383428687646,-0.11915686850067375
13.346281908990012,-0.00640943670850728,0.11741609801366511
13.374028856825749,-0.006303296988460972,-0.11752172299618954
13.401775804661488,-0.00619889550805396,0.11578049857247483
13.429522752497226,-0.006096242978595643,-0.11591020112460419
13.457269700332963,-0.0059952702606352205,0.1141681879754844
13.485016648168703,-0.005895990396303424,-0.114321945753469
13.51276359600444,-0.005798333788675248,0.11257881001529345
13.540510543840178,-0.005702315826662771,-0.11275660572886599
13.568257491675917,-0.005607866376801366,0.11101201438008323
13.596004439511654,-0.005515003193399054,-0.11121383576265448
13.623751387347392,-0.0054236555267498515,0.10946745654176769
13.651498335183131,-0.00533384351784796,-0.1096932963222143
13.679245283018869,-0.005245495720318517,0.10794479764660697
13.706992230854606,-0.0051586346858331425,-0.1081946535226254
13.734739178690345,-0.0050731881901036014,0.10644370440821994
13.762486126526083,-0.0049891812221990834,-0.10671757902121906
13.79023307436182,-0.004906540697764986,0.10496384900293457
13.81798002219756,-0.004825294072747669,-0.10526174991444229
13.845726970033297,-0.004745367319572213,0.10350490896741628
13.873473917869035,-0.004666790393335739,-0.10382684863697533
13.901220865704772,-0.004589488238993719,0.10206656709851694
13.928967813540512,-0.004513493345898427,-0.10241256286304541
13.956714761376249,-0.0044387295460967344,0.1006485113552871
13.984461709211987,-0.004365231901171585,-0.1010185854098824
14.012208657047726,-0.004292923043535364,0.09925043476309783
14.039955604883463,-0.004221840647892355,-0.09964461414326072
14.0677025527192,-0.004151906058910066,0.09787203531981885
14.09544950055494,-0.004083159608266631,-0.09829035188507693
14.123196448390678,-0.004015521263289909,0.09651301590399981
14.150943396226415,-0.003949034059496555,-0.09695550632291039
14.178690344062154,-0.003883616495694799,0.09517308418500678
14.206437291897892,-0.0038193143611698157,-0.09563978992151871
14.23418423973363,-0.003756044593342012,0.0938519525350629
14.261931187569369,-0.0036938557883178643,-0.09434291983621931
14.289678135405106,-0.0036326632274683167,0.09254933794314714
14.317425083240844,-0.003572518369957382,-0.09306461782811037
14.345172031076583,-0.0035133347445443523,0.09126496193070442
14.37291897891232,-0.003455166732934623,-0.09180461018108657
14.400665926748058,-0.0033979260127041675,0.0899985504691223
14.428412874583797,-0.003341669950898696,-0.09056262762060358
14.456159822419535,-0.003286308273218339,0.08874983389893062
14.483906770255272,-0.0032319013982352747,-0.08933840523415099
14.511653718091011,-0.0031783569968461653,0.08751854685068217
14.539400665926749,-0.0031257386087980375,-0.08813168239338953
14.567147613762486,-0.0030739517449053628,0.08630442816747236
14.594894561598224,-0.0030230631392800735,-0.0869422026779133
14.622641509433963,-0.0029729760349052553,0.08510722082905857
14.6503884572697,-0.002923760437072971,-0.08576971380059799
14.678135405105438,-0.002875317210593554,0.08392667187753976
14.705882352941178,-0.002827719712466409,-0.08461396753449496
14.733629300776915,-0.0027808663162710067,0.08276253234455905
14.761376248612653,-0.0027348338150453874,-0.08347471964123675
14.789123196448392,-0.002689517975235003,0.0816145571799919
14.81687014428413,-0.002644999114147504,-0.08235172980091471
14.844617092119867,-0.0026011702722150303,0.08048250518208462
14.872364039955606,-0.002558115383246542,-0.08124476154339606
14.900110987791344,-0.002515724639670941,0.07936613892900707
14.927857935627081,-0.0024740856881344717,-0.08015358218104465
14.95560488346282,-0.0024330857478246045,0.07826522471178884
14.983351831298558,-0.00239281627877535,-0.07907796274281297
15.011098779134295,-0.0023531613983043902,0.07717953246860197
15.038845726970035,-0.002314216484712455,-0.07801767790967218
15.066592674805772,-0.002275862421283031,0.07610883572036098
15.09433962264151,-0.002238198613910436,-0.07697250595134941
15.122086570477249,-0.0022011025759942795,0.07505291150760895
15.149833518312986,-0.002164677854920518,-0.07594222866434218
15.177580466148724,-0.0021287984545165857,0.0740115403286573
15.205327413984463,-0.002093572182259406,-0.07492663131117823
15.2330743618202,-0.0020588693887185565,0.07298450607895222
15.260821309655938,-0.0020248022648962014,-0.07392550256089388
15.288568257491676,-0.001991237360259353,0.0719715959916381
15.316315205327415,-0.0019582913777454612,-0.07293863443070155
15.344062153163152,-0.0019258269135467914,0.07097260057928922
15.37180910099889,-0.00189396531606729,-0.07196582222881943
15.39955604883463,-0.0018625650715534826,0.06998731357678427
15.427302996670367,-0.001831752312679607,-0.07100686449843623
15.455049944506104,-0.0018013812543990104,0.06901553188529577
15.482796892341844,-0.0017715829578896804,-0.07006156296278584
15.510543840177581,-0.0017422072006056208,0.06805705551736997
15.538290788013319,-0.0017133901220556043,-0.06912972247130546
15.566037735849058,-0.0016849768909413315,0.0671116875430704
15.593784683684795,-0.0016571088806919627,-0.06821115094685344
15.621531631520533,-0.0016296264747636064,0.06617923403716292
15.649278579356272,-0.0016026764420352677,-0.06730565933396282
15.67702552719201,-0.0015760941987834254,0.06525950402731717
15.704772475027747,-0.0015500320769890705,-0.06641306154810722
15.732519422863486,-0.0015243203381687961,0.0643523094433009
15.760266370699224,-0.0014991170513700383,-0.06553317442595528
15.788013318534961,-0.001474247129911204,0.0634574650671466
15.8157602663707,-0.001449874560379835,-0.064665817676594
15.843507214206438,-0.0014258187083810363,0.06257478848426581
15.871254162042176,-0.001402249665229723,-0.06381081383369677
15.899001109877915,-0.0013789810429996334,0.06170410003549309
15.926748057713652,-0.0013561892318465169,-0.06296798820861672
15.95449500554939,-0.0013336818779589592,0.060845222770034915
15.982241953385127,-0.001311641871592397,-0.06213716884438468
16.009988901220865,-0.0012898706739209594,0.05999798239930748
16.037735849056606,-0.0012685578839320873,-0.061318186470591556
16.065482796892343,-0.0012474985516322428,0.0591622072516399
16.09322974472808,-0.0012268892009829459,-0.060510874459136416
16.12097669256382,-0.0012065182373906694,0.05833772822782629
16.148723640399556,-0.0011865893338869336,-0.05971506878081993
16.176470588235293,-0.0011668840103028996,0.05752437875750642
16.204217536071035,-0.0011476133209442807,-0.05893060796276704
16.231964483906772,-0.0011285516512752273,0.05672199475635753
16.25971143174251,-0.0011099176774506626,-0.05815733304665912
16.287458379578247,-0.0010914783936790751,0.0559304145840788
16.315205327413985,-0.0010734603471824339,-0.05739508754775828
16.342952275249722,-0.0010556228756372907,0.055149479003152355
16.37069922308546,-0.0010382006554755024,-0.056643717414708236
16.3984461709212,-0.0010209450938778557,0.05437903113836222
16.426193118756938,-0.00100409926384564,-0.05590307099009337
16.453940066592676,-0.0009874063591029077,0.053618916437055686
16.481687014428413,-0.0009711181260993977,-0.0551729989717408
16.50943396226415,-0.0009549692528240684,0.05286898263013162
16.537180910099888,-0.0009392204458869749,-0.05445335437475024
16.56492785793563,-0.0009235975856157882,0.05212907969373866
16.592674805771367,-0.000908370635649276,-0.0537439924942345
16.620421753607104,-0.0008932563567391373,0.05139905981166906
16.64816870144284,-0.0008785342769138297,-0.05304477086875697
16.67591564927858,-0.0008639117150926634,0.05067877733843244
16.703662597114317,-0.0008496780818947509,-0.05235554924445226
16.731409544950058,-0.0008355309214451168,0.04996808876299607
16.759156492785795,-0.0008217698563545296,-0.05167618953981309
16.786903440621533,-0.0008080823119094864,0.0492668526731762
16.81465038845727,-0.0007947784636855281,-0.05100655581113226
16.842397336293008,-0.0007815352626157398,0.04857492972066746
16.870144284128745,-0.0007686737901716411,-0.05034651421858462
16.897891231964486,-0.0007558601555450001,0.04789218258669617
16.925638179800224,-0.000743426711391086,-0.04969593299293639
16.95338512763596,-0.000731028345485062,0.04721847594828553
16.9811320754717,-0.0007190090597230492,-0.049054682402868845
17.008879023307436,-0.000707012128071459,0.04655367644511812
17.036625971143174,-0.0006953935929215639,-0.04842263472290302
17.06437291897891,-0.0006837847088786056,0.04589765264698471
17.092119866814652,-0.0006725539637222295,-0.04779966420191503
17.11986681465039,-0.0006613201735254614,0.045250275021805925
17.147613762486127,-0.0006504646904467604,-0.047185647032227745
17.175360710321865,-0.0006395934587638668,0.044611415904216176
17.203107658157602,-0.0006291011285740846,-0.04658046131926893
17.23085460599334,-0.0006185803245156221,0.04398094946469648
17.25860155382908,-0.0006084394432446828,-0.04598398705178306
17.28634850166482,-0.0005982573268284152,0.04335875167924597
17.314095449500556,-0.000588456582668908,-0.045396106072587324
17.341842397336293,-0.0005786017917201072,0.04274470029958085
17.36958934517203,-0.0005691302524083192,-0.044816702049858805
17.39733629300777,-0.000559591789881608,0.04213867482384971
17.42508324084351,-0.000550438890502412,-0.04424566044894405
17.452830188679247,-0.0005412061122109249,0.04154055646785354
17.480577136514984,-0.0005323616434127033,-0.04368286850468009
17.508324084350722,-0.0005234242461504393,0.04095022813676263
17.53607103218646,-0.0005148783427562836,-0.04312821519421615
17.563817980022197,-0.0005062263528019163,0.040367574397317196
17.591564927857938,-0.000497969482805025,-0.04258159121032736
17.619311875693676,-0.0004895932447918513,0.03979248145050461
17.647058823529413,-0.00048161619872324194,-0.0420428889352094
17.67480577136515,-0.0004735063648654268,0.039224837104700906
17.702552719200888,-0.000465800245520631,-0.0415120024147462
17.730299667036626,-0.0004579477651818242,0.03866453074926942
17.758046614872363,-0.0004505039776967294,-0.040988827333240344
17.785793562708104,-0.00044290008729058674,0.038111453328606236
17.81354051054384,-0.00043571032955431224,-0.04047326098859745
17.84128745837958,-0.0004283465427649177,0.037565497316622246
17.869034406215317,-0.00042140279615959146,-0.0399652022679561
17.896781354051054,-0.0004142708944714124,0.03702655669165633
17.92452830188679,-0.0004075654149280097,-0.039464551623754604
17.952275249722533,-0.0004006574384543224,0.03649452691180721
17.98002219755827,-0.00039418274781511645,-0.038971211050225725
18.007769145394008,-0.00038749098641504794,0.03596930489067778
18.035516093229745,-0.0003812398640928065,-0.0384850840603119
18.063263041065483,-0.0003747568487670234,0.035450788973523634
18.09100998890122,-0.0003687223236913716,-0.03800607566299249
18.11875693673696,-0.0003624408182465186,0.034938878913796434
18.1465038845727,-0.00035661616108916976,-0.03753409234101554
18.174250832408436,-0.00035052915406218974,0.034433475850075536
18.201997780244174,-0.0003449078697314241,-0.03706904202902614
18.22974472807991,-0.0003390085665644913,0.033934482283379475
18.25749167591565,-0.00033358438696152695,-0.03661083409208407
18.28523862375139,-0.0003278662024186458,0.033441802054849826
18.312985571587127,-0.00032263307944716793,-0.03615937930456356
18.340732519422865,-0.00031708963026460857,0.032955340323800514
18.368479467258602,-0.00031204172908572397,-0.03571458982942751
18.39622641509434,-0.00030666682684745295,0.03247500354612444
18.423973362930077,-0.00030179851937275264,-0.03527637919787003
18.45172031076582,-0.000296586163603435,0.03200069945305177
18.479467258601556,-0.00029189202221879297,-0.03484466228931977
18.507214206437293,-0.0002868363936858857,0.031532337030250955
18.53496115427303,-0.00028231118519887706,-0.03441935531179749
18.56270810210877,-0.00027740663941749026,0.031069826497267923
18.590455049944506,-0.00027304531922226047,-0.03400037578262232
18.618201997780243,-0.0002682863801544445,0.030613079287295477
18.645948945615984,-0.00026408408660639695,-0.03358764250945824
18.673695893451722,-0.0002594654405484713,0.030162008027265985
18.70144284128746,-0.00025541748954358934,-0.03318107557169706
18.729189789123197,-0.00025093397919412634,0.029716526518263165
18.756936736958934,-0.0002470358589467318,-0.0327805963021698
18.784683684794672,-0.0002426824776495776,0.029276549716244042
18.812430632630413,-0.00023892984366170666,-0.03238612726918198
18.84017758046615,-0.0002347017298165346,0.02884199371306719
18.867924528301888,-0.00023109040003448328,-0.03199759225886577
18.895671476137625,-0.00022698283166912875,0.028412775717819777
18.923418423973363,-0.0002235087818216387,-0.03161491625784412
18.9511653718091,-0.00021951717132006495,0.027988814038438704
18.97891231964484,-0.0002161765304320921,-0.03123802543620127
19.00665926748058,-0.00021229641941246635,0.027570028063619564
19.034406215316316,-0.00020908546549023451,-0.030866847130753498
19.062153163152054,-0.00020531251982659076,0.02715633824500758
19.08990011098779,-0.00020222767570920417,-0.03050130982861585
19.11764705882353,-0.0001985576806920362,0.02674766607966603
19.14539400665927,-0.0001955955100647375,-0.030141343151058604
19.173140954495008,-0.00019202436569439065,0.026343934092815775
19.200887902330745,-0.00018918156925886196,-0.02978687783764927
19.228634850166483,-0.00018570528566701553,0.025945065820840926
19.25638179800222,-0.0001829786974648028,-0.029437845730674126
19.284128745837958,-0.00017959339045874474,0.02555098579455606
19.311875693673695,-0.00017697997434356063,-0.029094179759835657
19.339622641509436,-0.00017368186106786574,0.025161619522728825
19.367369589345174,-0.00017117870732296514,-0.028755813927219917
19.39511653718091,-0.00016796410203425712,0.02477689347585458
19.42286348501665,-0.0001655684241309944,-0.028422683292529963
19.450610432852386,-0.00016243373408127962,0.024396735070176517
19.478357380688124,-0.00016014286557491862,-0.028094723958580592
19.506104328523865,-0.00015708458699811905,0.02402107265194797
19.533851276359602,-0.0001548959785581258,-0.02777187305704965
19.56159822419534,-0.00015191069275572594,0.02364983548193088
19.589345172031077,-0.0001498219093267506,-0.027454068734481432
19.617092119866815,-0.00014690627884848608,0.0232829537201274
19.644839067702552,-0.00014491499693901949,-0.027141250138539484
19.672586015538293,-0.00014206576185385892,0.02292035841073884
19.70033296337403,-0.00014016976694937623,-0.02683335740450124
19.72807991120977,-0.00013738374120296108,0.022561981467348436
19.755826859045506,-0.00013558092530108185,-0.026530331641994677
19.783573806881243,-0.00013285499315517937,0.022207755658322736
19.81132075471698,-0.00013114335241946198,-0.02623211492196886
19.839067702552722,-0.00012847446496993905,0.021857614592429086
19.86681465038846,-0.0001268520975004946,-0.02593865026389813
19.894561598224197,-0.00012423726926969017,0.021511492704663043
19.922308546059934,-0.000122702372987255,-0.02564988162321287
19.950055493895672,-0.00012013867858660498,0.021169325242282627
19.97780244173141,-0.00011868954922873096,-0.02536575387895527
20.005549389567147,-0.00011617412008873236,0.020831048251046102
20.033296337402888,-0.00011480914931440207,-0.02508621282165566
20.061043285238625,-0.00011233917047758235,0.020496598561648025
20.088790233074363,-0.00011105684408017838,-0.024811205141426148
20.1165371809101,-0.0001086295510532583,0.02016591377635071
20.144284128745838,-0.00010742844727773925,-0.0245406784162667
20.172031076581575,-0.00010504112294060278,0.01983893225580733
20.199778024417316,-0.00010391991090457442,-0.02427458110058206
20.227524972253054,-0.00010156988247175197,0.019515593106072156
20.25527192008879,-0.00010052732068822815,-0.02401286251390595
20.28301886792453,-9.821195671867375e-05,0.01919583616579522
20.310765815760266,-9.724689171804871e-05,-0.023755472829826766
20.338512763596004,-9.49635991726157e-05,0.01887960199359783
20.366259711431745,-9.407496422414452e-05,-0.02350236306511529
20.394006659267482,-9.18211855637091e-05,0.018566831855624327
20.42175360710322,-9.100799949320446e-05,-0.02325348506904821
20.449500554938957,-8.878120981780732e-05,0.018257467713268447
20.477247502774695,-8.804257592103122e-05,-0.02300879151292572
20.504994450610432,-8.584028014389126e-05,0.017951452211069148
20.532741398446174,-8.517538519532759e-05,-0.022768235879780187
20.56048834628191,-8.299511525079522e-05,0.017648728664774415
20.58823529411765,-8.240322860419002e-05,-0.022531772454272368
20.615982241953386,-8.024254068542029e-05,0.01734924104956782
20.643729189789124,-7.9723013468501e-05,-0.02229935631277273
20.67147613762486,-7.75794852913062e-05,0.017052933988456306
20.6992230854606,-7.713174969063625e-05,-0.022070943313624587
20.72697003329634,-7.500297778204297e-05,0.016759752740815675
20.754716981132077,-7.462654641935616e-05,-0.021846490087587298
20.782463928967815,-7.251014342593338e-05,0.016469643191089733
20.810210876803552,-7.220460882423368e-05,-0.021625954028454634
20.83795782463929,-7.009820083880611e-05,0.016182551837641626
20.865704772475027,-6.986323497782105e-05,-0.021409293283848444
20.893451720310768,-6.776445888069609e-05,0.01589842578175359
20.921198668146506,-6.759981284131922e-05,-0.021196466746183026
20.948945615982243,-6.55063136529648e-05,0.015617212716771573
20.97669256381798,-6.541181735050783e-05,-0.020987434043797742
21.004439511653718,-6.332124559332142e-05,0.015338860917393574
21.032186459489456,-6.329680759887899e-05,-0.020782155532257054
21.059933407325197,-6.120681666468084e-05,0.015063319229097384
21.087680355160934,-6.125242411420654e-05,-0.02058059228581277
21.11542730299667,-5.9160667634583566e-05,0.0147905370577055
21.14317425083241,-5.9276386226683285e-05,-0.02038270608902904
21.170921198668147,-5.7180515443227554e-05,0.014520464359084868
21.198668146503884,-5.736648952430662e-05,-0.020188459428565734
21.226415094339625,-5.526415065599991e-05,0.014253051628978027
21.254162042175363,-5.5520603393766616e-05,-0.01999781548511861
21.2819089900111,-5.3409434998118814e-05,0.013988249892963567
21.309655937846838,-5.3736668643680316e-05,-0.019810738125513688
21.337402885682575,-5.161429896910983e-05,0.013726010696543757
21.365149833518313,-5.2012695206907324e-05,-0.01962719189495443
21.39289678135405,-4.987673953343436e-05,0.013466286095355424
21.42064372918979,-5.0346759921206835e-05,-0.019447142009418838
21.44839067702553,-4.819481788571483e-05,0.013209028645503367
21.476137624861266,-4.873700438321232e-05,-0.019270554348204027
21.503884572697004,-4.656665728737646e-05,0.012954191394012049
21.53163152053274,-4.718163287547664e-05,-0.019097395446617635
21.55937846836848,-4.499044097266491e-05,0.012701727869394835
21.58712541620422,-4.5678910362936665e-05,-0.018927632488812542
21.614872364039957,-4.346441012137994e-05,0.012451592072337368
21.642619311875695,-4.422716055838358e-05,-0.018761233300763562
21.670366259711432,-4.198686189651604e-05,0.012203738466493036
21.69811320754717,-4.282476405098635e-05,-0.018598166343384254
21.725860155382907,-4.05561475440615e-05,0.011958121969388004
21.75360710321865,-4.1470156500940084e-05,-0.018438400705781913
21.781354051054386,-3.917067055327564e-05,0.011714697943434644
21.809100998890123,-4.0161826894237304e-05,-0.018281906098648982
21.83684794672586,-3.782888487548139e-05,0.01147342218704911
21.8645948945616,-3.889831585638578e-05,-0.0181286528477884
21.892341842397336,-3.652929319865233e-05,0.01123425092587302
21.920088790233077,-3.767821402543402e-05,-0.017978611887771546
21.947835738068814,-3.527044527675202e-05,0.01099714080409567
21.975582685904552,-3.65001604792864e-05,-0.017831754755728554
22.00332963374029,-3.405093631142235e-05,0.010762048875875674
22.031076581576027,-3.536284121768092e-05,-0.017688053585265706
22.058823529411764,-3.286940538441165e-05,0.010528932596858647
22.086570477247502,-3.4264987696525576e-05,-0.01754748110051229
22.114317425083243,-3.172453393895041e-05,0.010297749815790113
22.14206437291898,-3.32053754129583e-05,-0.017410010610292237
22.169811320754718,-3.061504430841447e-05,0.010068458766221384
22.197558268590456,-3.218282253942146e-05,-0.01727561600242081
22.225305216426193,-2.9539698290368277e-05,0.009841018058305579
22.25305216426193,-3.119618860541303e-05,-0.017144271738123586
22.28079911209767,-2.8497295765154625e-05,0.009615386670683184
22.30854605993341,-3.024437322529382e-05,-0.0170159528465778
22.336293007769147,-2.7486673356179772e-05,0.009391523942453614
22.364039955604884,-2.9326314871358686e-05,-0.016890634919571695
22.39178690344062,-2.650670313204845e-05,0.009169389565232673
22.41953385127636,-2.8440989689326652e-05,-0.016768294106284602
22.4472807991121,-2.5556291347520705e-05,0.008948943575292509
22.475027746947838,-2.7587410356763146e-05,-0.016648907108181593
22.502774694783575,-2.4634377223077595e-05,0.00873014634578257
22.530521642619313,-2.676462498152708e-05,-0.0165324511740256
22.55826859045505,-2.3739931760922522e-05,0.008512958579031126
22.586015538290788,-2.5971716040584738e-05,-0.01641890409500319
22.61376248612653,-2.2871956596768993e-05,0.008297341298923051
22.641509433962266,-2.5207799356328933e-05,-0.016308244199962567
22.669256381798004,-2.2029482885313026e-05,0.008083255843354167
22.69700332963374,-2.447202311092094e-05,-0.01620045035076441
22.72475027746948,-2.1211570219251497e-05,0.007870663856759953
22.752497225305216,-2.37635668958866e-05,-0.016095501937741927
22.780244173140954,-2.0417305579373513e-05,0.007659527282715647
22.807991120976695,-2.308164079746348e-05,-0.015993378875270973
22.835738068812432,-1.964580231568688e-05,0.007449808356608324
22.86348501664817,-2.2425484515731955e-05,-0.01589406159744782
22.891231964483907,-1.8896199157824984e-05,0.007241469598376924
22.918978912319645,-2.179436651678823e-05,-0.015797531053873118
22.946725860155382,-1.816765925346075e-05,0.007034473805320016
22.974472807991123,-2.1187583216942536e-05,-0.01570376870554272
23.00221975582686,-1.7459369234445932e-05,0.0068287840449694805
23.0299667036626,-2.0604458198267568e-05,-0.015612756520841816
23.057713651498336,-1.6770538308672086e-05,0.006624363648028119
23.085460599334073,-2.004434145455586e-05,-0.015524476971643228
23.11320754716981,-1.6100397377484496e-05,0.006421176201369623
23.140954495005552,-1.9506608666311847e-05,-0.015438913029507676
23.16870144284129,-1.5448198176938447e-05,0.006219185541099534
23.196448390677027,-1.8990660505010098e-05,-0.015356048161985764
23.224195338512764,-1.4813212442697945e-05,0.0060183557456759875
23.251942286348502,-1.8495921964790572e-05,-0.015275866329020157
23.27968923418424,-1.4194731096742924e-05,0.005818651129087749
23.30743618201998,-1.8021841721613842e-05,-0.015198351979446655
23.335183129855718,-1.3592063455819542e-05,0.005620036234088882
23.362930077691455,-1.7567891518463927e-05,-0.015123490047594479
23.390677025527193,-1.3004536460400956e-05,0.005422475825488341
23.41842397336293,-1.7133565576728104e-05,-0.015051265949983447
23.446170921198668,-1.2431493923011903e-05,0.005225934883492813
23.473917869034405,-1.6718380032731265e-05,-0.01498166558211785
23.501664816870147,-1.1872295795642484e-05,0.005030378597101229
23.529411764705884,-1.632187239807451e-05,-0.01491467531537596
23.55715871254162,-1.132631745497601e-05,0.004835772357550119
23.58490566037736,-1.594360104435514e-05,-0.014850281993994349
23.612652608213097,-1.0792949005013405e-05,0.004642081751807839
23.640399556048834,-1.5583144711406882e-05,-0.014788472932146496
23.668146503884575,-1.0271594595730742e-05,0.0044492725561163455
23.695893451720313,-1.5240102037610923e-05,-0.01472923591111389
23.72364039955605,-9.761671757876965e-06,0.004257310729579161
23.751387347391788,-1.4914091113138952e-05,-0.014672559176550425
23.779134295227525,-9.262610752272618e-06,0.00406616240779462
23.806881243063263,-1.4604749054080284e-05,-0.014618431435837562
23.834628190899004,-8.773853933409358e-06,0.0038757938965316386
23.86237513873474,-1.431173159883181e-05,-0.014566841855530517
23.89012208657048,-8.294855126844171e-06,0.003686171665448654
23.917869034406216,-1.4034712724568142e-05,-0.014517780058895091
23.945615982241954,-7.825079018733406e-06,0.0034972623418525676
23.97336293007769,-1.3773384283866977e-05,-0.014471236123533621
24.001109877913432,-7.364000557975626e-06,0.00330903270449747
24.02885682574917,-1.35274556625561e-05,-0.01442720057909975
24.056603773584907,-6.911104369644224e-06,0.003121449677421407
24.084350721420645,-1.3296653455509156e-05,-0.014385664405100603
24.112097669256382,-6.465884179068598e-06,0.002934480323820046
24.13984461709212,-1.3080721162726631e-05,-0.014346619028787913
24.167591564927857,-6.0278422462381444e-06,0.002748091839955843
24.1953385127636,-1.2879418904353596e-05,-0.014310056323134814
24.223085460599336,-5.596488809537991e-06,0.002562251549101456
24.250832408435073,-1.2692523153396246e-05,-0.014275968604899169
24.27857935627081,-5.171341538470288e-06,0.0023769268955159497
24.30632630410655,-1.2519826487627489e-05,-0.0142443486327726
24.334073251942286,-4.751924994479023e-06,0.0021920854384532176
24.361820199778027,-1.2361137358980383e-05,-0.014215189605615098
24.389567147613764,-4.337770099761301e-06,0.0020076948462004083
24.417314095449502,-1.2216279880904824e-05,-0.014188485160773371
24.44506104328524,-3.9284136126484005e-06,0.001823722890146137
24.472807991120977,-1.2085093632917885e-05,-0.014164229372484013
24.500554938956714,-3.523397610071679e-06,0.0016401374388762436
24.528301886792455,-1.1967433483359101e-05,-0.014142416750359571
24.556048834628193,-3.1222689753351607e-06,0.0014569064522964518
24.58379578246393,-1.1863169427135853e-05,-0.014123042237958794
24.611542730299668,-2.7245788916421805e-06,0.0012739979757810406
24.639289678135405,-1.1772186443517609e-05,-0.014106101211438113
24.667036625971143,-2.329882340250607e-06,0.0010913801343455612
24.694783573806884,-1.1694384367588124e-05,-0.014091589478286542
24.72253052164262,-1.937737602710054e-06,0.0009090211268429263
24.75027746947836,-1.1629677780333809e-05,-0.014079503276141249
24.778024417314096,-1.5477057670216104e-06,0.0007268892201817538
24.805771365149834,-1.1577995914361737e-05,-0.014069839271686016
24.83351831298557,-1.1593502365362396e-06,0.0005449527435652038
24.861265260821312,-1.1539282576323092e-05,-0.014062594559628687
24.88901220865705,-7.722362417633396e-07,0.0003631800827500467
24.916759156492787,-1.1513496085023461e-05,-0.014057766661761282
24.944506104328525,-3.8593035390714807e-07,0.00018153967432382812
24.972253052164262,-1.15006092270761e-05,-0.014055353526098786
